"","","Diameter","Length","Length, to branch","Length, to end"
"1","All",0.00706346587383974,0.668813341684507,0.207181768500881,0.667321686400221
"2","Memorial Oak",0.00415068257895621,0.866384848084207,0.0564167044070097,0.449459152023706
"3","Elm",0.0163469013491926,0.0276423867101443,0.415292426695887,0.0110414190463912
"4","Walnut",0.0750209331063944,0.922682762683592,0.561355734586273,0.425346355535912
